Date,NIFTY,RELIANCE,SBI,HDFC
2022-12-30,18105.3,2547.2,613.7,1628.15
2022-12-29,18191.0,2543.3,611.8,1641.3
2022-12-28,18122.5,2544.45,601.05,1629.8
2022-12-27,18132.3,2544.7,601.9,1631.1
2022-12-26,18014.6,2524.05,597.1,1629.45
2022-12-23,17806.8,2502.2,574.0,1597.65
2022-12-22,18127.35,2577.8,593.4,1612.05
2022-12-21,18199.1,2584.5,593.4,1617.6
2022-12-20,18385.3,2621.8,604.45,1633.4
2022-12-19,18420.45,2599.3,604.45,1644.75
2022-12-16,18269.0,2565.6,603.35,1639.65
2022-12-15,18414.9,2578.35,615.95,1631.8
2022-12-14,18660.3,2615.5,625.5,1662.25
2022-12-13,18608.0,2625.0,616.75,1648.3
2022-12-12,18497.15,2613.1,613.05,1643.75
2022-12-09,18496.6,2609.1,616.5,1631.05
2022-12-08,18609.35,2649.25,611.65,1619.5
2022-12-07,18560.5,2650.5,607.05,1610.45
2022-12-06,18642.75,2690.2,608.95,1611.15
2022-12-05,18701.05,2682.45,617.3,1612.95
2022-12-02,18696.1,2722.15,607.55,1607.1
2022-12-01,18812.5,2723.3,608.1,1619.5
2022-11-30,18758.35,2731.35,602.45,1608.45
2022-11-29,18618.05,2712.2,608.55,1597.85
2022-11-28,18562.75,2707.55,608.6,1600.25
2022-11-25,18512.75,2617.6,607.4,1617.65
2022-11-24,18484.1,2579.1,609.35,1625.15
2022-11-23,18267.25,2557.05,607.65,1599.15
2022-11-22,18244.2,2565.05,599.1,1595.0
2022-11-21,18159.95,2550.9,598.1,1597.35
2022-11-18,18307.65,2597.65,602.7,1613.9
2022-11-17,18343.9,2599.05,599.05,1618.15
2022-11-16,18409.65,2592.35,599.75,1632.9
2022-11-15,18403.4,2607.3,600.85,1619.0
2022-11-14,18329.15,2619.05,592.55,1615.05
2022-11-11,18349.7,2631.8,601.3,1611.15
2022-11-10,18028.2,2572.5,605.75,1524.75
2022-11-09,18157.0,2604.0,615.55,1508.35
2022-11-07,18202.8,2606.6,614.15,1508.8
2022-11-04,18117.15,2592.75,593.95,1497.15
2022-11-03,18052.7,2555.15,584.9,1507.55
2022-11-02,18082.85,2545.65,573.85,1514.2
2022-11-01,18145.4,2529.85,576.9,1513.25
2022-10-31,18012.2,2549.6,573.8,1496.7
2022-10-28,17786.8,2526.15,570.75,1458.7
2022-10-27,17736.95,2451.15,579.65,1454.4
2022-10-25,17656.35,2441.55,578.55,1450.9
2022-10-24,17730.75,2479.85,570.5,1461.05
2022-10-21,17576.3,2471.6,560.85,1438.6
2022-10-20,17563.95,2500.6,555.4,1448.8
2022-10-19,17512.25,2493.9,553.4,1458.65
2022-10-18,17486.95,2451.25,562.45,1443.85
2022-10-17,17311.8,2408.75,543.65,1446.55
2022-10-14,17185.7,2370.7,527.2,1439.0
2022-10-13,17014.35,2382.8,521.45,1393.6
2022-10-12,17123.6,2375.25,533.8,1409.8
2022-10-11,16983.55,2357.9,527.4,1400.65
2022-10-10,17241.0,2405.8,530.75,1415.0
2022-10-07,17314.65,2432.35,530.2,1430.8
2022-10-06,17331.8,2422.1,537.3,1437.0
2022-10-04,17274.3,2413.2,532.7,1453.0
2022-10-03,16887.35,2369.5,519.75,1413.2
2022-09-30,17094.35,2377.75,530.6,1421.35
2022-09-29,16818.1,2325.3,521.75,1382.35
2022-09-28,16858.6,2332.45,524.85,1389.55
2022-09-27,17007.4,2396.25,536.5,1413.85
2022-09-26,17016.3,2377.35,543.3,1426.65
2022-09-23,17327.35,2439.5,550.6,1446.15
2022-09-22,17629.8,2486.1,567.3,1486.0
2022-09-21,17718.35,2509.75,569.7,1518.35
2022-09-20,17816.25,2502.85,574.05,1520.7
2022-09-19,17622.25,2502.45,572.25,1502.6
2022-09-16,17530.85,2499.2,561.8,1492.75
2022-09-15,17877.4,2562.7,572.15,1520.7
2022-09-14,18003.75,2588.35,571.75,1528.65
2022-09-13,18070.05,2619.75,558.0,1513.1
2022-09-12,17936.35,2598.05,554.9,1493.55
2022-09-09,17833.35,2569.3,553.35,1498.6
2022-09-08,17798.75,2585.4,544.65,1497.6
2022-09-07,17624.4,2581.75,532.85,1482.3
2022-09-06,17655.6,2596.85,537.8,1489.35
2022-09-05,17665.8,2569.8,538.9,1495.05
2022-09-02,17539.45,2530.5,536.7,1485.5
2022-09-01,17542.8,2560.4,533.3,1472.15
2022-08-30,17759.3,2637.95,531.25,1486.1
2022-08-29,17312.9,2597.65,514.85,1439.4
2022-08-26,17558.9,2618.0,523.8,1465.1
2022-08-25,17522.45,2632.05,520.4,1464.85
2022-08-24,17604.95,2639.75,519.3,1472.85
2022-08-23,17577.5,2646.8,521.9,1465.8
2022-08-22,17490.7,2606.6,511.3,1470.35
2022-08-19,17758.45,2613.85,520.35,1493.05
2022-08-18,17956.5,2661.3,532.35,1511.7
2022-08-17,17944.25,2665.15,528.15,1509.9
2022-08-16,17825.25,2651.3,525.95,1502.15
2022-08-12,17698.15,2633.0,530.7,1485.15
2022-08-11,17659.0,2591.1,524.75,1485.7
2022-08-10,17534.75,2582.5,514.7,1466.3
2022-08-08,17525.1,2567.15,520.4,1462.05
2022-08-05,17397.5,2534.0,531.05,1427.05
2022-08-04,17382.0,2571.9,533.25,1431.9
2022-08-03,17388.15,2606.35,540.85,1433.6
2022-08-02,17345.45,2584.65,542.1,1430.25
2022-08-01,17340.05,2574.85,533.75,1446.15
2022-07-29,17158.25,2509.45,528.35,1434.2
2022-07-28,16929.6,2457.1,532.45,1416.85
2022-07-27,16641.8,2419.2,528.2,1404.4
2022-07-26,16483.85,2421.5,514.2,1393.75
2022-07-25,16631.0,2420.4,517.8,1396.6
2022-07-22,16719.45,2503.1,513.7,1392.5
2022-07-21,16605.25,2486.3,512.05,1360.75
2022-07-20,16520.85,2503.0,508.6,1365.05
2022-07-19,16340.55,2437.1,497.95,1348.05
2022-07-18,16278.5,2422.25,490.3,1347.55
2022-07-15,16049.2,2401.8,479.1,1362.05
2022-07-14,15938.65,2397.15,479.35,1351.05
2022-07-13,15966.65,2377.55,486.5,1357.85
2022-07-12,16058.3,2420.45,484.95,1391.8
2022-07-11,16216.0,2423.9,488.2,1406.15
2022-07-08,16220.6,2391.4,488.55,1397.1
2022-07-07,16132.9,2388.1,486.75,1395.8
2022-07-06,15989.8,2411.85,479.95,1371.25
2022-07-05,15810.85,2433.25,472.15,1352.6
2022-07-04,15835.35,2413.7,473.45,1355.65
2022-07-01,15752.05,2408.7,466.85,1353.75
2022-06-30,15780.25,2595.65,465.9,1348.0
2022-06-29,15799.1,2580.15,459.1,1343.95
2022-06-28,15850.2,2527.7,464.25,1345.9
2022-06-27,15832.05,2492.65,461.2,1356.25
2022-06-24,15699.25,2500.05,454.25,1353.8
2022-06-23,15556.65,2464.95,451.4,1335.15
2022-06-22,15413.3,2505.6,447.65,1330.25
2022-06-21,15638.8,2584.1,450.75,1336.55
2022-06-20,15350.15,2543.05,434.7,1322.15
2022-06-17,15293.5,2590.0,441.0,1289.75
2022-06-16,15360.6,2560.0,441.6,1281.3
2022-06-15,15692.15,2596.3,451.35,1307.45
2022-06-14,15732.1,2628.1,448.1,1312.0
2022-06-13,15774.4,2662.9,445.85,1326.6
2022-06-10,16201.8,2714.25,461.85,1351.1
2022-06-09,16478.1,2798.75,466.95,1377.7
2022-06-08,16356.25,2724.05,471.3,1367.4
2022-06-07,16416.35,2772.75,463.4,1362.6
2022-06-06,16569.55,2767.55,463.7,1378.45
2022-06-03,16584.3,2779.5,464.5,1380.3
2022-06-02,16628.0,2724.3,469.85,1385.1
2022-06-01,16522.75,2633.5,468.3,1394.85
2022-05-31,16584.55,2632.65,468.1,1388.95
2022-05-30,16661.4,2664.8,474.6,1401.55
2022-05-27,16352.45,2575.1,468.95,1392.05
2022-05-26,16170.15,2587.1,468.9,1366.7
2022-05-25,16025.8,2612.0,454.1,1328.8
2022-05-24,16125.15,2615.85,462.05,1318.95
2022-05-23,16214.7,2606.9,460.9,1304.0
2022-05-20,16266.15,2624.45,462.4,1320.95
2022-05-19,15809.4,2479.85,447.5,1287.05
2022-05-18,16240.3,2538.35,458.0,1313.9
2022-05-17,16259.3,2529.15,467.3,1314.0
2022-05-16,15842.3,2427.2,455.0,1305.1
2022-05-13,15782.15,2426.6,444.65,1291.35
2022-05-12,15808.0,2399.4,462.65,1303.05
2022-05-11,16167.1,2449.3,476.55,1348.6
2022-05-10,16240.05,2474.65,475.2,1341.05
2022-05-09,16301.85,2518.3,475.9,1319.85
2022-05-06,16411.25,2620.65,483.95,1317.6
2022-05-05,16682.65,2640.9,480.0,1352.95
2022-05-04,16677.6,2693.65,479.65,1356.0
2022-05-02,17069.1,2780.45,491.0,1403.7
2022-04-29,17102.55,2790.25,496.3,1384.6
2022-04-28,17245.05,2819.85,507.5,1371.35
2022-04-27,17038.4,2778.35,497.25,1372.55
2022-04-26,17200.8,2775.65,505.5,1372.05
2022-04-25,16953.95,2695.0,494.75,1365.75
2022-04-22,17171.95,2758.8,500.6,1355.6
2022-04-21,17392.6,2782.1,516.3,1374.35
2022-04-20,17136.55,2718.45,509.3,1354.3
2022-04-19,16958.65,2640.8,511.8,1342.2
2022-04-18,17173.65,2543.85,509.5,1395.45
2022-04-13,17475.65,2551.65,517.7,1464.95
2022-04-12,17530.3,2561.05,512.85,1493.5
2022-04-11,17674.95,2610.2,514.9,1496.15
2022-04-08,17784.35,2615.65,516.1,1514.65
2022-04-07,17639.55,2572.85,514.95,1516.75
2022-04-06,17807.65,2619.05,513.95,1550.85
2022-04-05,17957.4,2626.05,509.4,1608.25
2022-04-04,18053.4,2663.7,512.4,1656.8
2022-04-01,17670.45,2655.85,508.2,1506.0
2022-03-31,17464.75,2634.75,493.55,1470.35
2022-03-30,17498.25,2672.95,494.3,1476.95
2022-03-29,17325.3,2622.55,495.0,1451.8
2022-03-28,17222.0,2621.95,497.5,1432.8
2022-03-25,17153.0,2595.85,490.7,1430.9
2022-03-24,17222.75,2578.65,487.1,1442.65
2022-03-23,17245.65,2539.2,490.65,1479.25
2022-03-22,17315.5,2531.15,493.7,1494.15
2022-03-21,17117.6,2467.4,490.6,1486.5
2022-03-17,17287.05,2481.7,501.9,1480.05
2022-03-16,16975.35,2403.35,492.75,1448.15
2022-03-15,16663.0,2363.45,485.85,1424.0
2022-03-14,16871.3,2418.85,485.15,1442.55
2022-03-11,16630.45,2399.15,470.35,1396.8
2022-03-10,16594.9,2392.25,468.7,1392.7
2022-03-09,16345.35,2354.1,451.7,1371.15
2022-03-08,16013.45,2235.5,440.3,1327.8
2022-03-07,15863.15,2239.55,440.3,1324.8
2022-03-04,16245.35,2325.55,461.95,1366.5
2022-03-03,16498.05,2378.3,467.4,1371.0
2022-03-02,16605.95,2398.55,474.25,1374.25
2022-02-28,16793.9,2359.55,483.2,1426.25
2022-02-25,16658.4,2283.95,482.95,1456.1
2022-02-24,16247.95,2255.75,472.65,1419.4
2022-02-23,17063.25,2374.05,498.7,1500.9
2022-02-22,17092.2,2389.0,498.4,1510.7
2022-02-21,17206.65,2399.9,511.85,1522.1
2022-02-18,17276.3,2424.4,515.3,1512.35
2022-02-17,17304.6,2443.5,512.95,1506.5
2022-02-16,17322.2,2412.95,516.7,1515.75
2022-02-15,17352.45,2417.95,524.8,1517.8
2022-02-14,16842.8,2338.55,501.4,1473.7
2022-02-11,17374.75,2376.4,529.6,1518.85
2022-02-10,17605.85,2381.05,540.55,1525.1
2022-02-09,17463.8,2383.5,535.25,1497.6
2022-02-08,17266.75,2356.05,531.35,1461.85
2022-02-07,17213.6,2317.1,533.25,1468.15
2022-02-04,17516.3,2331.3,530.3,1524.0
2022-02-03,17560.2,2352.75,540.1,1515.35
2022-02-02,17780.0,2383.55,539.8,1531.2
2022-02-01,17576.85,2378.7,532.3,1497.0
2022-01-31,17339.85,2386.6,538.3,1485.7
2022-01-28,17101.95,2335.85,523.45,1463.25
2022-01-27,17110.15,2338.1,528.95,1474.95
2022-01-25,17277.95,2373.25,514.65,1488.05
2022-01-24,17149.1,2377.9,494.15,1486.65
2022-01-21,17617.15,2477.85,502.7,1521.6
2022-01-20,17757.0,2477.45,511.4,1509.0
2022-01-19,17938.4,2521.6,515.8,1518.45
2022-01-18,18113.05,2521.8,506.8,1529.25
2022-01-17,18308.1,2552.25,514.0,1521.5
2022-01-14,18255.75,2539.0,508.35,1545.15
2022-01-13,18257.8,2535.3,511.35,1528.0
2022-01-12,18212.35,2521.1,510.25,1556.65
2022-01-11,18055.75,2455.55,505.95,1565.9
2022-01-10,18003.3,2438.0,503.65,1559.15
2022-01-07,17812.7,2436.0,491.25,1550.55
2022-01-06,17745.9,2416.5,491.7,1539.75
2022-01-05,17925.25,2469.6,492.4,1564.85
2022-01-04,17805.25,2458.1,483.5,1528.55
2022-01-03,17625.7,2403.85,470.8,1519.65
2021-12-31,17354.05,2368.15,460.45,1479.4
2021-12-30,17203.95,2359.1,451.7,1461.5
2021-12-29,17213.6,2402.5,454.4,1453.85
2021-12-28,17233.25,2398.4,461.2,1460.8
2021-12-27,17086.25,2370.25,458.05,1450.8
2021-12-24,17003.75,2372.8,456.95,1438.9
2021-12-23,17072.6,2365.25,461.8,1444.1
2021-12-22,16955.45,2366.1,455.85,1445.2
2021-12-21,16770.85,2311.25,446.0,1441.8
2021-12-20,16614.2,2277.35,449.2,1425.65
2021-12-17,16985.2,2340.45,467.8,1473.05
2021-12-16,17248.4,2403.9,481.15,1500.1
2021-12-15,17221.4,2373.2,484.8,1500.0
2021-12-14,17324.9,2380.15,488.55,1502.45
2021-12-13,17368.25,2409.65,487.8,1511.15
2021-12-10,17511.3,2458.95,494.7,1522.55
2021-12-09,17516.85,2456.45,488.65,1526.85
2021-12-08,17469.75,2418.1,491.55,1553.8
2021-12-07,17176.7,2381.85,476.7,1525.7
2021-12-06,16912.25,2362.6,465.3,1503.8
2021-12-03,17196.7,2408.25,473.15,1513.55
2021-12-02,17401.65,2482.85,477.0,1525.75
2021-12-01,17166.9,2467.0,475.3,1504.65
2021-11-30,16983.2,2405.4,460.55,1493.55
2021-11-29,17053.95,2441.5,465.1,1501.25
2021-11-26,17026.45,2412.6,470.5,1489.9
2021-11-25,17536.25,2492.95,490.55,1525.95
2021-11-24,17415.05,2351.4,493.15,1518.05
2021-11-23,17503.35,2385.85,493.05,1515.55
2021-11-22,17416.55,2363.75,486.4,1515.35
2021-11-18,17764.8,2473.3,503.8,1539.4
2021-11-17,17898.65,2464.0,498.15,1530.8
2021-11-16,17999.2,2517.9,495.1,1548.0
2021-11-15,18109.45,2577.8,506.55,1557.25
2021-11-12,18102.75,2593.1,511.35,1553.0
2021-11-11,17873.6,2554.55,509.6,1548.3
2021-11-10,18017.2,2549.9,524.4,1555.25
2021-11-09,18044.25,2521.7,529.15,1572.25
2021-11-08,18068.55,2501.95,523.25,1600.25
2021-11-04,17916.8,2498.85,530.45,1593.95
2021-11-03,17829.2,2483.6,527.65,1581.45
2021-11-02,17888.95,2500.8,521.7,1606.75
2021-11-01,17929.65,2537.8,515.7,1605.3
2021-10-29,17671.65,2536.25,502.15,1582.85
2021-10-28,17857.25,2598.6,501.35,1593.6
2021-10-27,18210.95,2627.4,519.15,1642.8
2021-10-26,18268.4,2661.05,512.55,1652.75
2021-10-25,18125.4,2601.8,506.5,1657.0
2021-10-22,18114.9,2627.4,502.95,1680.75
2021-10-21,18178.1,2622.5,502.95,1676.3
2021-10-20,18266.6,2700.4,499.9,1673.85
2021-10-19,18418.75,2731.85,488.2,1688.7
2021-10-18,18477.05,2707.6,497.95,1670.3
2021-10-14,18338.55,2700.4,490.6,1687.4
2021-10-13,18161.75,2694.95,481.7,1639.4
2021-10-12,17991.95,2667.8,483.0,1629.6
2021-10-11,17945.95,2652.65,469.25,1633.8
2021-10-08,17895.2,2671.25,458.0,1602.65
2021-10-07,17790.35,2572.4,457.9,1610.5
2021-10-06,17646.0,2559.85,457.2,1614.9
2021-10-05,17822.3,2609.2,464.7,1595.45
2021-10-04,17691.25,2556.15,463.15,1585.75
2021-10-01,17532.05,2523.7,451.65,1582.7
2021-09-30,17618.15,2519.25,453.0,1594.95
2021-09-29,17711.3,2527.85,460.0,1593.85
2021-09-28,17748.6,2548.05,444.9,1615.05
2021-09-27,17855.1,2524.45,446.6,1625.1
2021-09-24,17853.2,2482.7,440.75,1601.55
2021-09-23,17822.95,2489.9,449.8,1570.0
2021-09-22,17546.65,2430.5,438.85,1533.7
2021-09-21,17562.0,2404.7,438.8,1551.95
2021-09-20,17396.9,2394.35,437.45,1559.85
2021-09-17,17585.15,2390.55,454.1,1582.15
2021-09-16,17629.5,2428.2,463.7,1559.95
2021-09-15,17519.45,2378.3,443.85,1546.8
2021-09-14,17380.0,2368.45,433.0,1548.55
2021-09-13,17355.3,2371.55,432.85,1555.55
2021-09-09,17369.25,2425.6,432.3,1568.6
2021-09-08,17353.5,2431.35,431.35,1576.4
2021-09-07,17362.1,2440.9,429.1,1569.25
2021-09-06,17377.8,2425.6,431.05,1565.7
2021-09-03,17323.6,2388.5,431.4,1576.05
2021-09-02,17234.15,2294.4,429.75,1589.0
2021-09-01,17076.25,2267.1,429.9,1579.1
2021-08-31,17132.2,2258.15,426.05,1581.4
2021-08-30,16931.05,2270.25,422.7,1568.25
2021-08-27,16705.2,2227.4,412.45,1548.45
2021-08-26,16636.9,2230.45,410.75,1554.8
2021-08-25,16634.65,2202.6,416.25,1557.4
2021-08-24,16624.6,2183.7,417.6,1558.85
2021-08-23,16496.45,2162.35,409.5,1524.6
2021-08-20,16450.5,2148.25,406.7,1514.75
2021-08-18,16568.85,2172.65,419.7,1513.0
2021-08-17,16614.6,2164.25,421.5,1514.65
2021-08-16,16563.05,2173.5,424.85,1530.6
2021-08-13,16529.1,2145.65,431.2,1526.2
2021-08-12,16364.4,2110.5,427.15,1501.4
2021-08-11,16282.25,2117.3,428.05,1494.95
2021-08-10,16280.1,2088.05,426.45,1507.65
2021-08-09,16258.25,2077.15,433.4,1503.9
2021-08-06,16238.2,2089.05,435.65,1492.65
2021-08-05,16294.6,2134.25,441.85,1484.85
2021-08-04,16258.8,2103.75,456.95,1465.3
2021-08-03,16130.75,2087.75,446.5,1434.7
2021-08-02,15885.15,2072.5,434.9,1422.65
2021-07-30,15763.05,2035.3,431.8,1426.45
2021-07-29,15778.45,2053.25,441.55,1418.25
2021-07-28,15709.4,2037.35,425.5,1417.3
2021-07-27,15746.45,2055.0,429.95,1439.75
2021-07-26,15824.45,2076.85,423.3,1434.55
2021-07-23,15856.05,2105.7,428.9,1442.75
2021-07-22,15824.05,2120.7,422.05,1448.7
2021-07-20,15632.1,2093.8,420.9,1443.15
2021-07-19,15752.4,2098.95,427.9,1471.0
2021-07-16,15923.4,2112.4,430.0,1522.35
2021-07-15,15924.2,2082.35,431.7,1520.7
2021-07-14,15853.95,2086.0,431.05,1499.15
2021-07-13,15812.35,2099.7,429.1,1501.85
2021-07-12,15692.6,2084.1,427.45,1487.0
2021-07-09,15689.8,2071.2,423.75,1502.0
2021-07-08,15727.9,2092.6,424.45,1520.45
2021-07-07,15879.65,2110.05,432.85,1539.5
2021-07-06,15818.25,2124.8,429.75,1534.7
2021-07-05,15834.35,2150.2,432.65,1495.45
2021-07-02,15722.2,2129.05,424.4,1480.4
2021-07-01,15680.0,2097.95,420.4,1486.75
2021-06-30,15721.5,2110.65,419.2,1497.9
2021-06-29,15748.45,2087.8,421.5,1502.05
2021-06-28,15814.7,2086.0,426.75,1508.35
2021-06-25,15860.35,2104.45,428.8,1515.1
2021-06-24,15790.45,2153.5,417.2,1506.25
2021-06-23,15686.95,2205.35,418.85,1485.5
2021-06-22,15772.75,2225.75,418.65,1483.8
2021-06-21,15746.5,2237.25,419.75,1488.7
2021-06-18,15683.35,2225.65,412.9,1479.8
2021-06-17,15691.4,2215.65,420.25,1466.1
2021-06-16,15767.55,2211.6,425.95,1484.6
2021-06-15,15869.25,2250.0,429.5,1490.25
2021-06-14,15811.85,2244.9,430.35,1479.45
2021-06-11,15799.35,2213.15,429.6,1486.35
2021-06-10,15737.75,2183.0,432.25,1481.05
2021-06-09,15635.35,2175.0,421.45,1480.3
2021-06-08,15740.1,2214.6,427.2,1483.05
2021-06-07,15751.65,2227.4,432.25,1499.85
2021-06-04,15670.25,2190.5,433.6,1500.95
2021-06-03,15690.35,2209.65,439.65,1520.55
2021-06-02,15576.2,2201.25,437.25,1504.0
2021-06-01,15574.85,2168.9,432.55,1511.7
2021-05-31,15582.8,2160.3,424.35,1515.85
2021-05-28,15435.65,2094.8,422.05,1503.45
2021-05-27,15337.85,1976.1,425.2,1482.65
2021-05-26,15301.45,1970.05,413.55,1477.05
2021-05-25,15208.45,1963.15,412.35,1478.95
2021-05-24,15197.7,1985.65,412.05,1509.95
2021-05-21,15175.3,2002.55,401.2,1497.3
2021-05-20,14906.05,1985.4,384.55,1432.8
2021-05-19,15030.15,1997.05,384.4,1458.2
2021-05-18,15108.1,1987.95,382.25,1476.7
2021-05-17,14923.15,1960.35,383.1,1440.25
2021-05-14,14677.8,1937.3,360.45,1386.85
2021-05-12,14696.5,1913.15,367.7,1399.5
2021-05-11,14850.75,1933.15,364.65,1403.55
2021-05-10,14942.35,1926.2,361.7,1419.85
2021-05-07,14823.15,1931.75,358.25,1414.75
2021-05-06,14724.8,1931.0,355.55,1400.9
2021-05-05,14617.85,1920.1,355.4,1402.6
2021-05-04,14496.5,1916.6,351.5,1388.35
2021-05-03,14634.15,1959.05,350.6,1414.45
2021-04-30,14631.1,1994.5,353.5,1412.3
2021-04-29,14894.9,2024.05,359.4,1472.5
2021-04-28,14864.55,1997.3,363.4,1476.8
2021-04-27,14653.05,1988.65,353.05,1438.7
2021-04-26,14485.0,1937.85,344.3,1404.8
2021-04-23,14341.35,1904.35,336.45,1414.15
2021-04-22,14406.15,1906.4,336.65,1422.5
2021-04-20,14296.4,1901.15,329.5,1391.4
2021-04-19,14359.45,1901.7,331.15,1412.4
2021-04-16,14617.85,1932.1,339.9,1428.65
2021-04-15,14581.45,1944.3,342.7,1430.1
2021-04-13,14504.8,1931.8,341.0,1400.35
2021-04-12,14310.8,1911.15,328.85,1367.05
2021-04-09,14834.85,1982.05,353.0,1421.75
2021-04-08,14873.8,2005.35,355.6,1432.8
2021-04-07,14819.05,2002.85,358.55,1447.2
2021-04-06,14683.5,1984.3,350.55,1440.25
2021-04-05,14637.8,1992.6,353.55,1449.6
2021-04-01,14867.35,2021.85,370.65,1486.75
2021-03-31,14690.7,2003.1,364.3,1493.65
2021-03-30,14845.1,2029.3,360.8,1553.7
2021-03-26,14507.3,1994.65,357.2,1491.3
2021-03-25,14324.9,1991.45,355.2,1463.35
2021-03-24,14549.4,2047.3,359.85,1478.8
2021-03-23,14814.75,2087.5,372.7,1500.15
2021-03-22,14736.4,2062.4,367.0,1469.15
2021-03-19,14744.0,2082.0,371.15,1497.5
2021-03-18,14557.85,2009.1,367.1,1491.0
2021-03-17,14721.3,2055.35,368.15,1495.35
2021-03-16,14910.45,2100.6,378.55,1512.15
2021-03-15,14929.5,2108.9,383.9,1528.65
2021-03-12,15030.95,2137.6,381.1,1551.95
2021-03-10,15174.8,2181.95,387.7,1555.75
2021-03-09,15098.4,2191.05,387.6,1562.5
2021-03-08,14956.2,2191.1,389.6,1519.5
2021-03-05,14938.1,2178.7,383.65,1530.0
2021-03-04,15080.75,2175.85,395.65,1552.05
2021-03-03,15245.6,2202.1,405.05,1586.85
2021-03-02,14919.1,2106.0,394.2,1568.2
2021-03-01,14761.55,2101.7,394.95,1558.9
2021-02-26,14529.15,2085.8,390.15,1534.4
2021-02-25,15097.35,2144.35,407.25,1606.4
2021-02-24,14982.0,2061.0,406.25,1606.45
2021-02-23,14707.8,2023.45,395.6,1529.15
2021-02-22,14675.7,2008.1,389.5,1548.0
2021-02-19,14981.75,2080.3,399.55,1539.1
2021-02-18,15118.95,2067.7,415.2,1554.3
2021-02-17,15208.9,2083.25,411.75,1586.5
2021-02-16,15313.45,2059.5,402.35,1626.65
2021-02-15,15314.7,2032.6,406.95,1616.6
2021-02-12,15163.3,2041.6,393.15,1581.95
2021-02-11,15173.3,2055.7,390.15,1572.35
2021-02-10,15106.5,1974.3,392.25,1581.75
2021-02-09,15109.3,1956.15,394.8,1611.85
2021-02-08,15115.8,1951.45,397.05,1605.25
2021-02-05,14924.25,1923.75,393.1,1597.6
2021-02-04,14895.65,1924.3,355.1,1579.1
2021-02-03,14789.95,1930.65,335.95,1574.8
2021-02-02,14647.85,1925.8,333.1,1560.55
2021-02-01,14281.2,1895.3,310.7,1476.75
2021-01-29,13634.6,1841.95,282.1,1390.5
2021-01-28,13817.55,1876.55,282.35,1371.45
2021-01-27,13967.5,1895.0,275.65,1409.6
2021-01-25,14238.9,1941.0,280.95,1462.85
2021-01-22,14371.9,2049.6,283.7,1443.55
2021-01-21,14590.35,2099.4,294.85,1474.8
2021-01-20,14644.7,2054.7,302.55,1492.0
2021-01-19,14521.15,2016.4,298.6,1503.85
2021-01-18,14281.3,1983.95,294.45,1483.1
2021-01-15,14433.7,1937.45,303.85,1466.65
2021-01-14,14595.6,1960.6,307.25,1468.75
2021-01-13,14564.85,1938.8,306.8,1470.65
2021-01-12,14563.45,1957.05,292.5,1481.0
2021-01-11,14484.75,1897.25,282.5,1451.45
2021-01-08,14347.25,1933.7,286.0,1431.65
2021-01-07,14137.35,1911.15,287.7,1416.25
2021-01-06,14146.25,1914.25,285.05,1420.55
2021-01-05,14199.5,1966.1,281.75,1426.7
2021-01-04,14132.9,1990.85,281.05,1416.0
2021-01-01,14018.5,1987.5,279.4,1425.05
2020-12-31,13981.75,1985.3,274.95,1436.3
2020-12-30,13981.95,1995.5,276.9,1432.5
2020-12-29,13932.6,1990.05,277.9,1427.2
2020-12-28,13873.2,2003.3,275.2,1412.85
2020-12-24,13749.25,1994.15,266.85,1397.1
2020-12-23,13601.1,1943.85,263.0,1375.65
2020-12-22,13466.3,1936.7,257.45,1373.1
2020-12-21,13328.4,1939.7,254.7,1372.65
2020-12-18,13760.55,1991.55,271.45,1411.35
2020-12-17,13740.7,1985.6,267.7,1441.8
2020-12-16,13682.7,1976.55,269.4,1410.7
2020-12-15,13567.85,1974.35,270.65,1391.3
2020-12-14,13558.15,1991.3,274.2,1372.15
2020-12-11,13513.85,2005.8,272.45,1382.8
2020-12-10,13478.3,2007.0,269.55,1385.85
2020-12-09,13529.1,2026.95,270.35,1407.2
2020-12-08,13392.95,1993.75,271.9,1376.3
2020-12-07,13355.75,1958.2,269.6,1372.25
2020-12-04,13258.55,1946.75,263.5,1385.6
2020-12-03,13133.9,1964.05,256.3,1377.2
2020-12-02,13113.75,1958.15,246.95,1406.95
2020-12-01,13109.05,1954.9,248.05,1433.3
2020-11-27,12968.95,1929.8,244.25,1440.85
2020-11-26,12987.0,1952.6,245.45,1426.65
2020-11-25,12858.4,1947.8,243.0,1402.8
2020-11-24,13055.15,1964.05,243.85,1438.2
2020-11-23,12926.45,1950.7,238.7,1394.6
2020-11-20,12859.05,1899.5,242.75,1403.65
2020-11-19,12771.7,1973.15,239.75,1374.35
2020-11-18,12938.25,1987.2,252.0,1408.7
2020-11-17,12874.2,1993.25,240.2,1408.45
2020-11-14,12780.25,2002.3,229.65,1369.7
2020-11-13,12719.95,1996.4,229.45,1358.8
2020-11-12,12690.8,1980.0,226.8,1371.7
2020-11-11,12749.15,1997.2,234.2,1389.95
2020-11-10,12631.1,2084.55,231.7,1393.65
2020-11-09,12461.05,2050.7,219.5,1340.55
2020-11-06,12263.55,2029.15,219.2,1307.65
2020-11-05,12120.3,1955.0,218.65,1269.2
2020-11-04,11908.5,1913.2,207.0,1257.4
2020-11-03,11813.5,1850.4,204.75,1247.95
2020-11-02,11669.15,1877.45,196.05,1215.25
2020-10-30,11642.4,2054.5,189.25,1183.55
2020-10-29,11670.8,2026.9,188.7,1187.2
2020-10-28,11729.6,2011.45,190.45,1209.6
2020-10-27,11889.4,2034.5,194.65,1233.1
2020-10-26,11767.75,2029.1,196.7,1210.9
2020-10-23,11930.35,2113.05,202.8,1235.8
2020-10-22,11896.45,2106.95,203.3,1233.3
2020-10-21,11937.65,2124.6,203.75,1246.7
2020-10-20,11896.8,2155.9,203.05,1223.95
2020-10-19,11873.05,2176.2,204.0,1203.55
2020-10-16,11762.45,2175.8,195.95,1199.35
2020-10-15,11680.35,2206.5,192.85,1169.25
2020-10-14,11971.05,2287.5,200.05,1211.5
2020-10-13,11934.5,2280.7,195.7,1198.45
2020-10-12,11930.95,2237.05,198.7,1213.65
2020-10-09,11914.2,2233.45,198.3,1233.55
2020-10-08,11834.6,2239.25,191.5,1191.8
2020-10-07,11738.85,2257.5,190.7,1162.25
2020-10-06,11662.4,2210.35,191.6,1144.1
2020-10-05,11503.35,2212.2,188.75,1114.35
2020-10-01,11416.95,2225.25,190.3,1106.95
2020-09-30,11247.55,2234.35,185.4,1078.6
2020-09-29,11222.4,2245.05,185.05,1062.55
2020-09-28,11227.55,2216.25,187.25,1054.2
2020-09-25,11050.25,2201.7,182.2,1044.0
2020-09-24,10805.55,2181.2,176.35,1030.4
2020-09-23,11131.85,2230.8,183.8,1047.25
2020-09-22,11153.65,2211.15,186.2,1035.4
2020-09-21,11250.55,2255.85,185.8,1049.3
2020-09-18,11504.95,2305.7,192.6,1057.3
2020-09-17,11516.1,2298.75,195.45,1083.6
2020-09-16,11604.55,2324.55,198.2,1093.65
2020-09-15,11521.8,2318.85,200.15,1070.5
2020-09-14,11440.05,2302.55,198.5,1057.95
2020-09-11,11464.45,2319.75,202.7,1078.65
2020-09-10,11449.25,2314.0,198.15,1090.55
2020-09-09,11278.0,2161.35,194.85,1096.5
2020-09-08,11317.35,2107.1,204.05,1112.45
2020-09-07,11355.05,2082.65,207.9,1110.5
2020-09-04,11333.85,2077.25,206.6,1119.3
2020-09-03,11527.45,2112.1,213.15,1130.9
2020-09-02,11535.0,2128.2,216.25,1134.15
2020-09-01,11470.25,2087.25,218.1,1127.3
2020-08-31,11387.5,2080.7,212.0,1115.85
2020-08-28,11647.6,2116.15,224.85,1114.5
2020-08-27,11559.25,2110.6,215.65,1112.1
2020-08-26,11549.6,2137.3,209.85,1118.45
2020-08-25,11472.25,2082.1,207.95,1119.7
2020-08-24,11466.45,2095.75,201.45,1117.05
2020-08-21,11371.6,2081.85,198.4,1085.65
2020-08-20,11312.2,2097.05,194.75,1059.0
2020-08-19,11408.4,2131.55,197.05,1066.6
2020-08-18,11385.35,2118.55,195.1,1056.5
2020-08-17,11247.1,2091.35,193.1,1032.75
2020-08-14,11178.4,2113.8,196.5,1034.45
2020-08-13,11300.45,2122.05,201.9,1059.05
2020-08-12,11308.4,2127.6,203.3,1063.7
2020-08-11,11322.5,2133.8,195.05,1066.65
2020-08-10,11270.15,2119.85,193.8,1050.65
2020-08-07,11214.05,2146.45,190.65,1043.85
2020-08-06,11200.15,2134.1,190.95,1040.7
2020-08-05,11101.65,2126.45,191.45,1027.55
2020-08-04,11095.25,2150.6,191.6,1041.65
2020-08-03,10891.6,2009.0,192.25,1002.0
2020-07-31,11073.45,2067.1,191.45,1032.8
2020-07-30,11102.15,2108.85,186.55,1050.65
2020-07-29,11202.85,2096.65,191.2,1064.6
2020-07-28,11300.55,2177.7,189.45,1086.65
2020-07-27,11131.8,2156.2,187.15,1079.5
2020-07-24,11194.15,2146.15,191.95,1119.1
2020-07-23,11215.45,2057.8,198.25,1130.4
2020-07-22,11132.6,2004.0,192.0,1126.35
2020-07-21,11162.25,1971.55,194.4,1138.55
2020-07-20,11022.2,1919.9,190.75,1133.05
2020-07-17,10901.7,1911.7,188.2,1098.45
2020-07-16,10739.95,1843.4,186.25,1062.55
2020-07-15,10618.2,1844.0,183.8,1053.15
2020-07-14,10607.35,1917.0,186.05,1058.85
2020-07-13,10802.7,1935.0,192.7,1080.25
2020-07-10,10768.05,1878.05,195.6,1105.1
2020-07-09,10813.45,1824.25,199.1,1124.95
2020-07-08,10705.75,1798.0,191.9,1110.35
2020-07-07,10799.65,1823.45,188.6,1105.15
2020-07-06,10763.65,1851.8,188.05,1103.0
2020-07-03,10607.35,1787.9,184.7,1073.95
2020-07-02,10551.7,1760.35,185.45,1089.4
2020-07-01,10430.05,1737.6,184.8,1084.6
2020-06-30,10302.1,1704.1,178.45,1065.85
2020-06-29,10312.4,1723.15,179.25,1076.05
2020-06-26,10383.0,1741.65,184.6,1056.45
2020-06-25,10288.9,1717.9,185.25,1028.75
2020-06-24,10305.3,1727.85,184.6,1032.5
2020-06-23,10471.0,1720.9,192.45,1042.3
2020-06-22,10311.2,1746.15,187.7,1028.75
2020-06-19,10244.4,1759.4,184.5,1033.35
2020-06-18,10091.65,1655.9,179.65,1019.95
2020-06-17,9881.15,1615.35,172.95,979.25
2020-06-16,9914.0,1617.7,172.9,990.4
2020-06-15,9813.7,1614.55,173.7,949.85
2020-06-12,9972.9,1588.8,179.15,982.75
2020-06-11,9902.0,1537.7,177.15,968.6
2020-06-10,10116.15,1572.15,187.7,991.85
2020-06-09,10046.65,1537.15,184.45,987.3
2020-06-08,10167.45,1569.5,186.8,1015.9
2020-06-05,10142.15,1581.7,187.8,1033.35
2020-06-04,10029.1,1579.8,174.05,1001.7
2020-06-03,10061.55,1541.65,174.9,1022.25
2020-06-02,9979.1,1535.7,170.25,1001.0
2020-06-01,9826.15,1520.35,170.05,987.65
2020-05-29,9580.3,1464.4,161.3,951.65
2020-05-28,9490.1,1472.25,158.2,945.25
2020-05-27,9314.95,1445.55,158.6,903.65
2020-05-26,9029.05,1424.05,151.4,852.4
2020-05-22,9039.25,1431.55,150.85,838.85
2020-05-21,9106.25,1441.25,151.95,859.55
2020-05-20,9066.55,1433.7,153.4,857.1
2020-05-19,8879.1,1408.9,152.8,830.65
2020-05-18,8823.25,1440.75,155.3,836.65
2020-05-15,9136.85,1459.4,166.4,888.15
2020-05-14,9142.75,1435.95,167.95,893.7
2020-05-13,9383.55,1496.45,174.1,927.65
2020-05-12,9196.55,1479.25,166.9,901.55
2020-05-11,9239.2,1576.8,165.45,915.8
2020-05-08,9251.5,1561.8,166.65,929.05
2020-05-07,9199.05,1506.95,170.75,925.0
2020-05-06,9270.9,1460.75,171.1,946.4
2020-05-05,9205.6,1460.65,170.4,911.45
2020-05-04,9293.5,1435.2,178.85,923.0
2020-04-30,9859.9,1466.0,190.5,1001.8
2020-04-29,9553.35,1426.95,190.1,977.1
2020-04-28,9380.9,1428.15,184.3,931.4
2020-04-27,9282.3,1429.75,180.9,929.7
2020-04-24,9154.4,1417.0,179.75,938.05
2020-04-23,9313.9,1370.9,186.7,954.95
2020-04-22,9187.3,1363.6,188.7,928.6
2020-04-21,8981.45,1237.35,184.75,921.65
2020-04-20,9261.85,1243.8,192.5,944.85
2020-04-17,9266.75,1224.0,193.25,910.3
2020-04-16,8992.8,1168.05,188.5,879.75
2020-04-15,8925.3,1149.85,182.35,863.3
2020-04-13,8993.85,1189.15,183.5,895.35
2020-04-09,9111.9,1219.95,187.75,925.05
2020-04-08,8748.75,1192.15,183.0,888.9
2020-04-07,8792.2,1206.1,186.4,896.1
2020-04-03,8083.8,1077.45,175.5,813.85
2020-04-01,8253.8,1080.45,186.55,829.65
2020-03-31,8597.75,1113.75,196.85,861.9
2020-03-30,8281.1,1030.45,186.9,831.65
2020-03-27,8660.25,1065.6,195.95,904.45
2020-03-26,8641.45,1066.2,192.75,901.1
2020-03-25,8317.85,1082.25,189.9,856.75
2020-03-24,7801.05,943.4,183.2,767.7
2020-03-23,7610.25,884.05,181.6,771.55
2020-03-20,8745.45,1017.95,209.85,882.85
2020-03-19,8263.45,917.7,203.65,895.55
2020-03-18,8468.8,968.5,215.2,876.9
2020-03-17,8967.05,1008.0,215.15,975.1
2020-03-16,9197.4,1015.7,223.35,999.5
2020-03-13,9955.2,1105.3,242.0,1069.8
2020-03-12,9590.15,1063.0,212.6,1021.3
2020-03-11,10458.4,1153.55,245.1,1113.8
2020-03-09,10451.45,1114.15,253.45,1107.3
2020-03-06,10989.45,1271.0,270.5,1134.9
2020-03-05,11269.0,1311.15,288.5,1151.35
2020-03-04,11251.0,1339.7,285.3,1148.85
2020-03-03,11303.3,1342.85,289.85,1181.8
2020-03-02,11132.75,1316.15,287.4,1179.6
2020-02-28,11201.75,1328.65,303.0,1177.65
2020-02-27,11633.3,1386.25,321.95,1199.45
2020-02-26,11678.5,1392.0,328.2,1199.25
2020-02-25,11797.9,1416.4,326.8,1200.3
2020-02-24,11829.4,1444.95,322.95,1209.95
2020-02-20,12080.85,1485.95,327.65,1217.1
2020-02-19,12125.9,1503.8,320.35,1227.2
2020-02-18,11992.5,1467.4,317.55,1213.25
2020-02-17,12045.8,1478.25,314.2,1217.15
2020-02-14,12113.45,1487.6,319.4,1219.35
2020-02-13,12174.65,1474.15,327.45,1241.4
2020-02-12,12201.2,1470.3,320.2,1249.0
2020-02-11,12107.9,1452.75,324.35,1240.6
2020-02-10,12031.5,1435.6,318.5,1240.3
2020-02-07,12098.35,1433.65,320.55,1242.2
2020-02-06,12137.95,1457.8,321.95,1239.8
2020-02-05,12089.15,1448.5,311.0,1244.65
2020-02-04,11979.65,1426.4,306.25,1229.8
2020-02-03,11707.9,1385.5,298.1,1192.8
2020-02-01,11661.85,1383.35,302.6,1198.7
2020-01-31,11962.1,1411.65,318.45,1226.3
2020-01-30,12035.8,1443.75,310.7,1226.05
2020-01-29,12129.5,1479.85,316.45,1235.85
2020-01-28,12055.8,1471.75,315.1,1223.2
2020-01-27,12119.0,1506.55,316.2,1213.2
2020-01-24,12248.25,1521.55,324.05,1244.55
2020-01-23,12180.35,1526.85,323.2,1244.85
2020-01-22,12106.9,1533.35,316.15,1240.85
2020-01-21,12169.85,1533.9,313.7,1244.35
2020-01-20,12224.55,1532.35,314.0,1254.9
2020-01-17,12352.35,1581.0,318.0,1278.15
2020-01-16,12355.5,1537.9,323.3,1287.65
2020-01-15,12343.3,1523.85,324.25,1284.25
2020-01-14,12362.3,1529.4,328.0,1289.5
2020-01-13,12329.55,1543.7,330.75,1286.0
2020-01-10,12256.8,1547.65,332.25,1282.7
2020-01-09,12215.9,1548.0,330.2,1271.4
2020-01-08,12025.35,1513.15,319.8,1257.3
2020-01-07,12052.95,1524.6,318.4,1260.6
2020-01-06,11993.05,1501.5,319.0,1240.95
2020-01-03,12226.65,1537.15,333.7,1268.4
2020-01-02,12282.2,1535.3,339.3,1286.75
2020-01-01,12182.5,1509.6,334.45,1278.6
2019-12-31,12168.45,1514.05,333.75,1272.1
2019-12-30,12255.85,1544.2,334.4,1282.15
2019-12-27,12245.8,1542.35,337.25,1275.0
2019-12-26,12126.55,1515.4,329.85,1270.45
2019-12-24,12214.55,1546.45,331.45,1289.15
2019-12-23,12262.75,1571.4,332.4,1302.4
2019-12-20,12271.8,1599.1,337.85,1296.7
2019-12-19,12259.7,1609.95,328.15,1288.8
2019-12-18,12221.65,1575.85,326.95,1292.35
2019-12-17,12165.0,1562.7,332.9,1271.1
2019-12-16,12053.95,1566.6,331.85,1257.35
2019-12-13,12086.7,1582.9,332.55,1263.85
2019-12-12,11971.8,1568.2,321.85,1263.6
2019-12-11,11910.15,1562.4,312.8,1248.75
2019-12-10,11856.8,1561.95,313.4,1249.5
2019-12-09,11937.5,1572.6,316.7,1242.95
2019-12-06,11921.5,1554.9,320.0,1246.05
2019-12-05,12018.4,1550.85,336.2,1245.6
2019-12-04,12043.2,1552.7,341.85,1251.65
2019-12-03,11994.2,1578.9,336.25,1255.4
2019-12-02,12048.2,1586.5,338.5,1265.75
2019-11-29,12056.05,1551.15,341.85,1274.95
2019-11-28,12151.15,1580.3,349.3,1265.3
2019-11-27,12100.7,1569.85,343.55,1278.4
2019-11-26,12037.7,1560.25,335.5,1275.05
2019-11-25,12073.75,1561.55,336.1,1271.1
2019-11-22,11914.4,1546.5,329.3,1264.75
2019-11-21,11968.4,1537.6,331.35,1283.35
2019-11-20,11999.1,1547.65,328.8,1273.35
2019-11-19,11940.1,1509.75,330.4,1271.9
2019-11-18,11884.5,1459.2,325.1,1262.05
2019-11-15,11895.45,1470.85,321.9,1277.9
2019-11-14,11872.1,1462.75,306.0,1273.9
2019-11-13,11840.45,1472.3,306.8,1257.55
2019-11-11,11913.45,1427.8,318.25,1264.75
2019-11-08,11908.15,1445.5,316.0,1255.6
2019-11-07,12012.05,1458.6,318.15,1263.7
2019-11-06,11966.05,1434.9,317.55,1256.65
2019-11-05,11917.2,1447.3,319.2,1239.5
2019-11-04,11941.3,1457.65,314.3,1236.85
2019-11-01,11890.6,1456.9,313.55,1240.05
2019-10-31,11877.45,1464.35,312.4,1230.35
2019-10-30,11844.1,1479.1,289.9,1248.35
2019-10-29,11786.85,1467.05,280.65,1242.5
2019-10-27,11627.15,1434.25,281.8,1237.7
2019-10-25,11583.9,1431.2,281.55,1229.0
2019-10-24,11582.6,1436.45,262.5,1236.1
2019-10-23,11604.1,1392.4,275.45,1241.6
2019-10-22,11588.35,1414.15,270.5,1239.3
2019-10-18,11661.85,1416.35,269.65,1229.0
2019-10-17,11586.35,1396.5,265.45,1220.0
2019-10-16,11464.0,1372.35,256.05,1221.1
2019-10-15,11428.3,1364.15,258.45,1223.05
2019-10-14,11341.15,1358.0,255.45,1204.4
2019-10-11,11305.05,1352.6,254.55,1198.8
2019-10-10,11234.55,1362.75,254.15,1200.55
2019-10-09,11313.3,1324.75,260.95,1228.15
2019-10-07,11126.4,1310.1,249.1,1186.9
2019-10-04,11174.75,1308.1,249.95,1189.7
2019-10-03,11314.0,1311.05,254.15,1223.55
2019-10-01,11359.9,1304.9,255.95,1248.8
2019-09-30,11474.45,1332.25,270.8,1227.45
2019-09-27,11512.4,1309.05,281.2,1244.2
2019-09-26,11571.2,1296.8,281.85,1242.5
2019-09-25,11440.2,1279.55,280.25,1239.7
2019-09-24,11588.2,1278.7,302.6,1253.8
2019-09-23,11600.2,1239.2,313.75,1257.25
2019-09-20,11274.2,1254.35,301.7,1199.6
2019-09-19,10704.8,1179.05,274.05,1101.05
2019-09-18,10840.65,1205.7,280.4,2187.75
2019-09-17,10817.6,1197.45,273.95,2211.35
2019-09-16,11003.5,1210.75,284.7,2244.15
2019-09-13,11075.9,1225.6,291.7,2257.45
2019-09-12,10982.8,1210.35,287.05,2270.85
2019-09-11,11035.7,1234.4,285.25,2251.3
2019-09-09,11003.05,1222.2,278.0,2249.6
2019-09-06,10946.2,1222.5,273.95,2245.9
2019-09-05,10847.9,1198.6,273.3,2235.15
2019-09-04,10844.65,1201.15,275.1,2247.75
2019-09-03,10797.9,1206.4,268.4,2210.95
2019-08-30,11023.25,1248.55,273.85,2227.95
2019-08-29,10948.3,1241.75,274.5,2226.95
2019-08-28,11046.1,1263.3,284.9,2247.5
2019-08-27,11105.35,1274.85,285.7,2259.95
2019-08-26,11057.85,1266.8,280.2,2256.15
2019-08-23,10829.35,1275.85,271.1,2162.7
2019-08-22,10741.35,1246.75,268.55,2174.1
2019-08-21,10918.7,1270.95,277.4,2225.85
2019-08-20,11017.0,1275.95,283.7,2220.6
2019-08-19,11053.9,1292.6,286.85,2206.85
2019-08-16,11047.8,1278.0,290.9,2227.7
2019-08-14,11029.4,1288.25,289.75,2229.45
2019-08-13,10925.85,1274.75,283.35,2220.35
2019-08-09,11109.65,1162.1,291.35,2282.0
2019-08-08,11032.45,1152.35,294.35,2233.15
2019-08-07,10855.5,1109.4,289.9,2184.0
2019-08-06,10948.25,1128.3,301.4,2189.1
2019-08-05,10862.6,1143.35,300.25,2179.25
2019-08-02,10997.35,1184.35,308.45,2214.35
2019-08-01,10980.0,1180.25,317.15,2221.8
2019-07-31,11118.0,1166.25,332.2,2251.65
2019-07-30,11085.4,1180.9,327.55,2252.25
2019-07-29,11189.2,1210.95,343.8,2244.3
2019-07-26,11284.3,1213.8,342.6,2277.3
2019-07-25,11252.15,1231.5,341.3,2286.05
2019-07-24,11271.3,1259.1,339.6,2280.9
2019-07-23,11331.05,1273.55,342.2,2263.5
2019-07-22,11346.2,1280.5,350.85,2297.25
2019-07-19,11419.25,1249.0,356.0,2375.65
2019-07-18,11596.9,1261.85,363.65,2411.9
2019-07-17,11687.5,1281.85,372.4,2397.45
2019-07-16,11662.6,1293.0,364.35,2391.2
2019-07-15,11588.35,1276.1,360.05,2394.75
2019-07-12,11552.5,1280.5,363.6,2393.9
2019-07-11,11582.9,1281.55,363.2,2407.15
2019-07-10,11498.9,1278.85,354.2,2388.75
2019-07-09,11555.9,1280.1,359.5,2379.15
2019-07-08,11558.6,1252.05,355.3,2409.6
2019-07-05,11811.15,1263.35,370.65,2472.4
2019-07-04,11946.75,1284.0,367.4,2483.8
2019-07-03,11916.75,1282.55,366.15,2489.65
2019-07-02,11910.3,1278.5,364.5,2495.0
2019-07-01,11865.6,1268.85,361.55,2485.55
2019-06-28,11788.85,1253.1,361.25,2443.75
2019-06-27,11841.55,1274.15,362.15,2462.3
2019-06-26,11847.55,1294.15,358.15,2467.9
2019-06-25,11796.45,1295.85,356.55,2428.7
2019-06-24,11699.65,1262.4,353.2,2417.95
2019-06-21,11724.1,1279.5,349.4,2414.2
2019-06-20,11831.75,1296.75,345.15,2426.35
2019-06-19,11691.45,1277.35,338.85,2428.35
2019-06-18,11691.5,1281.0,340.05,2417.25
2019-06-17,11672.15,1282.3,337.85,2422.0
2019-06-14,11823.3,1317.55,343.8,2435.1
2019-06-13,11914.05,1327.25,346.5,2444.7
2019-06-12,11906.2,1332.15,344.0,2427.05
2019-06-11,11965.6,1329.15,347.1,2448.4
2019-06-10,11922.7,1319.15,344.3,2440.2
2019-06-07,11870.65,1314.9,342.05,2447.65
2019-06-06,11843.75,1327.35,336.9,2423.35
2019-06-04,12021.65,1351.65,352.4,2452.3
2019-06-03,12088.55,1360.2,355.45,2457.1
2019-05-31,11922.8,1330.15,352.5,2425.35
2019-05-30,11945.9,1329.75,353.55,2439.55
2019-05-29,11861.1,1313.05,348.65,2416.9
2019-05-28,11928.75,1323.75,360.05,2416.2
2019-05-27,11924.75,1310.65,361.7,2408.35
2019-05-24,11844.1,1336.85,355.35,2373.35
2019-05-23,11657.05,1333.9,342.2,2332.1
2019-05-22,11737.9,1340.4,341.1,2405.75
2019-05-21,11709.1,1339.8,337.55,2403.7
2019-05-20,11828.25,1325.9,344.7,2432.35
2019-05-17,11407.15,1267.4,319.25,2362.1
2019-05-16,11257.1,1265.35,315.75,2310.65
2019-05-15,11157.0,1256.9,312.1,2286.7
2019-05-14,11222.05,1260.45,314.65,2287.9
2019-05-13,11148.2,1232.05,306.9,2287.2
2019-05-10,11278.9,1251.15,308.05,2296.5
2019-05-09,11301.8,1256.45,299.3,2290.9
2019-05-08,11359.45,1299.45,298.25,2307.25
2019-05-07,11497.9,1343.5,305.45,2322.35
2019-05-06,11598.25,1384.9,308.75,2328.45
2019-05-03,11712.25,1408.85,310.0,2367.95
2019-05-02,11724.75,1405.05,308.15,2355.8
2019-04-30,11748.15,1392.8,309.95,2317.45
2019-04-26,11754.65,1392.8,312.5,2280.95
2019-04-25,11641.8,1372.4,306.2,2263.45
2019-04-24,11726.15,1389.5,310.75,2279.75
2019-04-23,11575.95,1363.85,305.25,2245.3
2019-04-22,11594.45,1345.35,310.05,2268.7
2019-04-18,11752.8,1385.95,310.8,2293.65
2019-04-16,11787.15,1343.75,315.75,2305.05
2019-04-15,11690.35,1340.15,315.6,2288.8
2019-04-12,11643.45,1343.1,315.25,2265.25
2019-04-11,11596.7,1346.8,314.9,2257.5
2019-04-10,11584.3,1331.4,310.9,2237.35
2019-04-09,11671.95,1334.45,314.75,2287.25
2019-04-08,11604.5,1329.25,312.8,2289.4
2019-04-05,11665.95,1353.9,317.05,2305.6
2019-04-04,11598.0,1353.05,321.8,2283.95
2019-04-03,11643.95,1375.2,320.5,2292.75
2019-04-02,11713.2,1389.7,329.0,2294.85
2019-04-01,11669.15,1391.85,322.75,2311.8
2019-03-29,11623.9,1363.25,320.75,2318.9
2019-03-28,11570.0,1360.0,319.0,2302.8
2019-03-27,11445.05,1349.25,308.8,2299.45
2019-03-26,11483.25,1367.25,303.5,2311.35
2019-03-25,11354.25,1324.45,294.0,2281.3
2019-03-22,11456.9,1341.75,298.05,2276.15
2019-03-20,11521.05,1375.45,303.8,2299.0
2019-03-19,11532.4,1376.55,303.05,2267.75
2019-03-18,11462.2,1350.05,298.95,2261.45
2019-03-15,11426.85,1321.65,298.4,2253.0
2019-03-14,11343.25,1341.55,291.9,2224.75
2019-03-13,11341.7,1347.3,293.15,2226.55
2019-03-12,11301.2,1331.35,286.9,2171.0
2019-03-11,11168.05,1304.1,287.35,2128.45
2019-03-08,11035.4,1267.1,281.2,2128.2
2019-03-07,11058.2,1270.25,281.75,2126.5
2019-03-06,11053.0,1264.8,278.1,2104.25
2019-03-05,10987.45,1237.65,276.45,2107.1
2019-03-01,10863.5,1226.05,272.95,2083.35
2019-02-28,10792.5,1231.05,269.05,2077.55
2019-02-27,10806.65,1223.5,267.65,2092.25
2019-02-26,10835.3,1220.25,266.35,2110.65
2019-02-25,10880.1,1232.3,270.15,2125.4
2019-02-22,10791.65,1232.35,270.95,2091.45
2019-02-21,10789.85,1246.9,268.0,2115.9
2019-02-20,10735.45,1234.35,267.7,2108.35
2019-02-19,10604.35,1216.1,262.9,2084.05
2019-02-18,10640.95,1220.1,259.95,2089.9
2019-02-15,10724.4,1244.45,262.95,2100.65
2019-02-14,10746.05,1224.2,267.1,2110.2
2019-02-13,10793.65,1245.95,268.2,2143.45
2019-02-12,10831.4,1256.4,275.4,2129.7
2019-02-11,10888.8,1253.25,280.5,2139.65
2019-02-08,10943.6,1277.7,286.0,2122.65
2019-02-07,11069.4,1290.4,287.4,2117.25
2019-02-06,11062.45,1310.25,289.05,2122.65
2019-02-05,10934.35,1291.55,284.65,2114.05
2019-02-04,10912.25,1290.9,283.95,2104.9
2019-02-01,10893.65,1249.95,284.4,2090.45
2019-01-31,10830.95,1227.15,293.65,2079.95
2019-01-30,10651.8,1195.7,287.45,2034.7
2019-01-29,10652.2,1210.65,280.6,2057.6
2019-01-28,10661.55,1229.55,281.6,2084.15
2019-01-25,10780.55,1246.0,285.4,2096.0
2019-01-24,10849.8,1247.45,288.05,2102.25
2019-01-23,10831.5,1226.3,286.65,2105.4
2019-01-22,10922.75,1235.15,290.25,2135.85
2019-01-21,10961.85,1237.7,292.45,2148.15
2019-01-18,10906.95,1184.35,294.95,2130.25
2019-01-17,10905.2,1134.45,297.4,2132.3
2019-01-16,10890.3,1135.9,303.15,2120.2
2019-01-15,10886.8,1129.65,301.65,2121.9
2019-01-14,10737.6,1096.8,300.4,2101.65
2019-01-11,10794.95,1098.05,302.75,2111.9
2019-01-10,10821.6,1107.5,305.55,2108.5
2019-01-09,10855.15,1110.75,305.3,2116.8
2019-01-08,10802.15,1104.65,305.3,2103.0
2019-01-07,10771.8,1104.75,296.3,2120.65
2019-01-04,10727.35,1098.65,297.65,2117.45
2019-01-03,10672.25,1092.75,291.1,2111.8
2019-01-02,10792.5,1106.4,293.9,2128.5
2019-01-01,10910.1,1121.0,299.6,2148.1
2018-12-31,10862.55,1121.25,295.9,2121.7
2018-12-28,10859.9,1125.55,294.8,2122.9
2018-12-27,10779.8,1120.2,292.15,2105.05
2018-12-26,10729.85,1098.35,294.15,2122.35
2018-12-24,10663.5,1089.15,293.05,2080.65
2018-12-21,10754.0,1100.2,291.9,2111.15
2018-12-20,10951.7,1128.45,294.05,2137.45
2018-12-19,10967.3,1136.8,300.7,2123.45
2018-12-18,10908.7,1136.4,292.75,2135.45
2018-12-17,10888.35,1129.9,289.5,2130.2
2018-12-14,10805.45,1112.2,289.2,2095.7
2018-12-13,10791.55,1107.05,289.0,2101.3
2018-12-12,10737.6,1110.5,285.25,2085.3
2018-12-11,10549.15,1097.55,281.25,2059.55
2018-12-10,10488.45,1090.25,274.2,2088.75
2018-12-07,10693.7,1133.8,275.4,2107.6
2018-12-06,10601.15,1123.65,275.65,2097.05
2018-12-05,10782.9,1155.15,280.15,2099.2
2018-12-04,10869.5,1152.3,282.55,2085.55
2018-12-03,10883.75,1156.45,286.8,2113.3
2018-11-30,10876.75,1167.55,284.65,2128.45
2018-11-29,10858.7,1168.5,286.4,2131.05
2018-11-28,10728.85,1152.65,284.55,2089.25
2018-11-27,10685.6,1128.2,289.4,2064.0
2018-11-26,10628.6,1109.75,286.4,2049.8
2018-11-22,10526.75,1102.85,282.7,2005.5
2018-11-21,10600.05,1112.9,287.05,2018.75
2018-11-20,10656.2,1137.4,283.45,2012.45
2018-11-19,10763.4,1150.0,288.15,2013.9
2018-11-16,10682.2,1127.4,290.9,2004.3
2018-11-15,10616.7,1096.85,285.4,1975.15
2018-11-14,10576.3,1097.95,283.6,1957.75
2018-11-13,10582.5,1099.45,278.05,1927.75
2018-11-12,10482.2,1080.0,277.95,1921.05
2018-11-09,10585.2,1093.45,283.25,1945.4
2018-11-07,10598.85,1110.7,286.55,1957.95
2018-11-06,10530.0,1104.1,286.45,1946.55
2018-11-05,10524.0,1090.3,294.95,1956.0
2018-11-02,10553.0,1074.9,285.35,1949.45
2018-11-01,10380.45,1056.25,285.9,1912.2
2018-10-31,10386.6,1061.25,281.4,1911.75
2018-10-30,10198.4,1057.0,273.15,1912.75
2018-10-29,10250.85,1087.8,267.9,1926.3
2018-10-26,10030.0,1044.9,248.1,1961.2
2018-10-25,10124.9,1030.8,249.55,1968.8
2018-10-24,10224.75,1045.75,255.7,1992.25
2018-10-23,10146.8,1054.7,255.65,1984.85
2018-10-22,10245.25,1062.65,260.35,1998.9
2018-10-19,10303.55,1101.3,261.1,1967.75
2018-10-17,10453.05,1151.3,261.15,1974.6
2018-10-16,10584.75,1163.8,270.3,1992.75
2018-10-15,10512.5,1139.75,263.2,2008.05
2018-10-12,10472.5,1126.55,263.75,1981.85
2018-10-11,10234.65,1087.8,262.15,1937.55
2018-10-10,10460.1,1102.1,278.65,1967.15
2018-10-09,10301.05,1090.05,262.95,1940.6
2018-10-08,10348.05,1109.4,265.75,1945.0
2018-10-05,10316.45,1048.85,258.35,1965.3
2018-10-04,10599.25,1122.25,271.35,1957.75
2018-10-03,10858.25,1205.1,271.7,2031.15
2018-10-01,11008.3,1231.7,273.85,2035.45
2018-09-28,10930.45,1257.95,265.5,2006.05
2018-09-27,10977.55,1253.75,265.35,1976.15
2018-09-26,11053.8,1251.4,263.85,1968.2
2018-09-25,11067.45,1230.6,270.9,1952.4
2018-09-24,10967.4,1232.05,264.35,1925.7
2018-09-21,11143.1,1217.5,270.6,1970.25
2018-09-19,11234.35,1210.75,271.5,1961.35
2018-09-18,11278.9,1217.15,273.8,1989.2
2018-09-17,11377.75,1225.9,285.3,1992.2
2018-09-14,11515.2,1253.15,290.65,2029.6
2018-09-12,11369.9,1252.5,285.3,2011.85
2018-09-11,11287.5,1237.7,282.6,2000.4
2018-09-10,11438.1,1255.85,284.85,2041.15
2018-09-07,11589.1,1278.6,291.65,2056.95
2018-09-06,11536.9,1261.4,296.45,2052.2
2018-09-05,11476.95,1227.0,296.55,2045.85
2018-09-04,11520.3,1241.95,296.4,2051.8
2018-09-03,11582.35,1229.15,306.35,2075.05
2018-08-31,11680.5,1241.65,309.6,2061.2
2018-08-30,11676.8,1274.45,308.6,2066.1
2018-08-29,11691.9,1294.2,309.7,2078.5
2018-08-28,11738.5,1319.0,305.35,2094.85
2018-08-27,11691.95,1291.5,308.0,2080.45
2018-08-24,11557.1,1277.5,300.45,2069.85
2018-08-23,11582.75,1269.45,302.45,2079.9
2018-08-21,11570.9,1247.2,307.0,2096.05
2018-08-20,11551.75,1234.9,307.65,2096.2
2018-08-17,11470.75,1203.75,302.1,2077.35
2018-08-16,11385.05,1200.8,292.7,2075.7
2018-08-14,11435.1,1210.6,294.9,2089.1
2018-08-13,11355.75,1187.7,294.15,2091.65
2018-08-10,11429.5,1204.2,304.45,2114.45
2018-08-09,11470.7,1217.95,317.4,2118.5
2018-08-08,11450.0,1217.7,308.7,2136.35
2018-08-07,11389.45,1184.2,304.05,2130.9
2018-08-06,11387.1,1192.6,308.5,2114.3
2018-08-03,11360.8,1176.95,299.25,2121.65
2018-08-02,11244.7,1168.35,293.9,2130.2
2018-08-01,11346.2,1192.35,295.1,2158.7
2018-07-31,11356.5,1186.0,293.5,2179.5
2018-07-30,11319.55,1151.4,297.4,2169.9
2018-07-27,11278.35,1129.85,286.75,2202.15
2018-07-26,11167.3,1110.65,287.7,2192.6
2018-07-25,11132.0,1115.15,271.85,2170.35
2018-07-24,11134.3,1110.95,266.85,2159.75
2018-07-23,11084.75,1120.3,266.35,2156.45
2018-07-20,11010.2,1128.65,261.5,2189.05
2018-07-19,10957.1,1104.85,260.2,2186.1
2018-07-18,10980.45,1092.55,259.55,2176.2
2018-07-17,11008.05,1092.35,259.05,2176.75
2018-07-16,10936.85,1076.2,251.6,2168.85
2018-07-13,11018.9,1099.8,257.75,2180.9
2018-07-12,11023.2,1082.35,262.75,2165.95
2018-07-11,10948.3,1038.8,259.1,2148.25
2018-07-10,10947.25,1025.7,263.75,2146.4
2018-07-09,10852.9,997.1,261.55,2125.65
2018-07-06,10772.65,977.55,257.2,2115.15
2018-07-05,10749.75,964.5,256.45,2123.75
2018-07-04,10769.9,990.1,257.45,2103.55
2018-07-03,10699.9,971.3,257.5,2070.2
2018-07-02,10657.3,960.6,258.85,2073.25
2018-06-29,10714.3,972.45,259.35,2108.45
2018-06-28,10589.1,944.95,257.0,2130.85
2018-06-27,10671.4,965.85,261.7,2112.6
2018-06-26,10769.15,978.95,267.4,2093.7
2018-06-25,10762.45,1004.45,268.45,2094.95
2018-06-22,10821.85,1012.5,273.05,2083.35
2018-06-21,10741.1,1031.95,268.65,2057.6
2018-06-20,10772.05,1019.25,273.3,2056.15
2018-06-19,10710.45,996.05,272.6,2023.5
2018-06-18,10799.85,1015.55,276.85,2019.15
2018-06-15,10817.7,1014.2,277.45,2029.6
2018-06-14,10808.05,1007.95,282.6,2037.4
2018-06-13,10856.7,1002.5,287.7,2031.45
2018-06-12,10842.85,997.15,282.85,2043.85
2018-06-11,10786.95,982.65,274.0,2042.3
2018-06-08,10767.65,984.35,273.0,2049.35
2018-06-07,10768.35,971.35,269.65,2062.2
2018-06-06,10684.65,954.4,270.15,2057.35
2018-06-05,10593.15,947.65,263.55,2063.6
2018-06-04,10628.5,940.85,263.0,2046.2
2018-06-01,10696.2,930.55,266.7,2110.6
2018-05-31,10736.15,921.35,269.55,2139.45
2018-05-30,10614.35,916.1,267.15,2048.35
2018-05-29,10633.3,917.45,264.3,2032.6
2018-05-28,10688.65,920.4,272.05,2042.2
2018-05-25,10605.15,920.8,266.95,2008.7
2018-05-24,10513.85,915.85,268.5,1986.0
2018-05-23,10430.35,912.25,263.2,1967.5
2018-05-22,10536.7,926.75,253.9,1989.9
2018-05-21,10516.7,931.35,244.45,1993.05
2018-05-18,10596.4,933.85,238.85,2012.15
2018-05-17,10682.7,945.35,242.7,2027.75
2018-05-16,10741.1,956.15,243.1,2023.35
2018-05-15,10801.85,978.95,248.0,2037.8
2018-05-14,10806.6,986.6,253.6,2021.75
2018-05-11,10806.5,989.25,250.35,2011.75
2018-05-10,10716.55,981.15,247.95,1992.7
2018-05-09,10741.7,976.7,248.0,1978.4
2018-05-08,10717.8,967.1,250.05,1967.05
2018-05-07,10715.5,971.0,246.5,1977.4
2018-05-04,10618.25,953.95,241.95,1988.5
2018-05-03,10679.65,961.6,241.9,1967.9
2018-05-02,10718.05,972.7,241.0,1969.5
2018-04-30,10739.35,963.3,246.4,1944.3
2018-04-27,10692.3,996.3,242.6,1923.4
2018-04-26,10617.8,975.35,233.2,1930.25
2018-04-25,10570.55,970.5,237.2,1920.75
2018-04-24,10614.35,970.05,240.6,1935.0
2018-04-23,10584.7,936.0,242.45,1935.75
2018-04-20,10564.05,927.9,241.2,1955.9
2018-04-19,10565.3,942.3,246.15,1939.0
2018-04-18,10526.2,938.0,246.45,1932.6
2018-04-17,10548.7,944.25,248.15,1948.5
2018-04-16,10528.35,937.05,249.0,1942.1
2018-04-13,10480.6,938.85,250.95,1925.0
2018-04-12,10458.65,928.7,253.8,1928.8
2018-04-11,10417.15,930.85,257.05,1918.85
2018-04-10,10402.25,917.05,263.3,1920.85
2018-04-09,10379.35,916.0,260.65,1939.05
2018-04-06,10331.6,911.0,259.7,1923.4
2018-04-05,10325.15,908.2,259.3,1908.9
2018-04-04,10128.4,894.9,247.3,1883.25
2018-04-03,10245.0,899.55,250.5,1915.9
2018-04-02,10211.8,892.95,246.15,1931.2
2018-03-28,10113.7,882.7,249.9,1886.1
2018-03-27,10184.15,899.8,254.35,1892.6
2018-03-26,10130.65,901.1,246.5,1893.45
2018-03-23,9998.05,893.9,234.8,1841.55
2018-03-22,10114.75,908.15,241.55,1867.75
2018-03-21,10155.25,896.9,248.0,1858.9
2018-03-20,10124.35,889.8,249.1,1839.5
2018-03-19,10094.25,895.5,247.95,1847.25
2018-03-16,10195.15,900.05,252.3,1853.0
2018-03-15,10360.15,911.8,253.7,1880.8
2018-03-14,10410.9,929.05,257.05,1864.5
2018-03-13,10426.85,931.85,254.7,1860.25
2018-03-12,10421.4,930.3,252.85,1867.25
2018-03-09,10226.85,913.1,253.25,1851.05
2018-03-08,10242.65,911.45,256.8,1852.85
2018-03-07,10154.2,889.75,246.65,1832.6
2018-03-06,10249.25,910.85,256.55,1846.25
2018-03-05,10358.85,924.1,263.5,1869.95
2018-03-01,10458.35,948.4,262.15,1874.35
2018-02-28,10492.85,954.55,268.0,1884.2
2018-02-27,10554.3,950.5,267.6,1902.55
2018-02-26,10582.6,938.7,274.45,1911.55
2018-02-23,10491.05,934.25,276.05,1880.55
2018-02-22,10382.7,924.35,272.6,1853.2
2018-02-21,10397.45,929.35,273.3,1857.4
2018-02-20,10360.4,921.1,269.65,1863.2
2018-02-19,10378.4,927.0,268.5,1878.2
2018-02-16,10452.3,921.3,271.65,1878.6
2018-02-15,10545.5,935.65,278.7,1881.9
2018-02-14,10500.9,933.65,276.2,1883.15
2018-02-12,10539.75,915.5,288.75,1876.65
2018-02-09,10454.95,897.85,296.4,1849.5
2018-02-08,10576.85,904.55,301.4,1880.95
2018-02-07,10476.7,894.4,292.8,1872.8
2018-02-06,10498.25,892.1,291.75,1896.8
2018-02-05,10666.55,902.15,298.05,1913.85
2018-02-02,10760.6,904.35,297.35,1948.0
2018-02-01,11016.9,943.85,306.05,1991.15
2018-01-31,11027.7,961.3,313.25,2005.7
2018-01-30,11049.65,950.4,313.55,1995.5
2018-01-29,11130.4,964.5,312.1,1999.65
2018-01-25,11069.65,965.9,313.15,1974.95
2018-01-24,11086.0,966.35,329.9,1957.65
2018-01-23,11083.7,983.25,318.1,1951.3
2018-01-22,10966.2,971.5,306.5,1963.35
2018-01-19,10894.7,931.3,309.25,1952.2
2018-01-18,10817.0,919.7,303.25,1934.3
2018-01-17,10788.55,924.5,307.1,1890.5
2018-01-16,10700.45,922.95,296.15,1900.15
2018-01-15,10741.55,949.15,302.6,1897.75
2018-01-12,10681.25,949.0,302.25,1865.3
2018-01-11,10651.2,937.75,302.2,1872.55
2018-01-10,10632.2,942.35,301.1,1864.2
2018-01-09,10637.0,940.95,304.3,1863.7
2018-01-08,10623.6,928.55,305.8,1860.6
2018-01-05,10558.85,923.25,306.35,1863.6
2018-01-04,10504.8,920.3,308.5,1859.9
2018-01-03,10443.2,914.8,302.85,1852.65
2018-01-02,10442.2,911.15,303.25,1872.35
2018-01-01,10435.55,909.75,307.1,1854.5
2017-12-29,10530.7,921.05,309.9,1872.4
2017-12-28,10477.9,924.2,308.4,1878.05
2017-12-27,10490.75,923.75,314.85,1856.75
2017-12-26,10531.5,929.8,317.15,1868.35
2017-12-22,10493.0,920.4,319.85,1876.65
2017-12-21,10440.3,912.95,316.75,1868.3
2017-12-20,10444.2,918.15,317.5,1868.15
2017-12-19,10463.2,925.95,319.8,1884.5
2017-12-18,10388.75,921.0,318.9,1878.95
2017-12-15,10333.25,919.75,312.25,1873.45
2017-12-14,10252.1,921.5,314.0,1838.05
2017-12-13,10192.95,914.65,313.3,1821.35
2017-12-12,10240.15,915.6,318.45,1819.9
2017-12-11,10322.25,916.15,318.4,1846.4
2017-12-08,10265.65,921.0,313.1,1840.4
2017-12-07,10166.7,931.55,316.4,1809.65
2017-12-06,10044.1,926.65,312.4,1803.3
2017-12-05,10118.25,913.7,319.1,1820.45
2017-12-04,10127.75,901.6,313.6,1834.1
2017-12-01,10121.8,910.1,312.75,1848.2
2017-11-30,10226.55,921.55,320.35,1853.7
2017-11-29,10361.3,946.0,328.9,1873.3
2017-11-28,10370.25,943.35,332.0,1865.35
2017-11-27,10399.55,951.35,335.65,1857.55
2017-11-24,10389.7,951.1,332.4,1851.4
2017-11-23,10348.75,947.0,334.95,1842.85
2017-11-22,10342.3,930.75,335.3,1855.25
2017-11-21,10326.9,932.55,330.65,1846.25
2017-11-20,10298.75,920.85,333.0,1838.15
2017-11-17,10283.6,911.9,337.5,1825.55
2017-11-16,10214.75,903.85,333.4,1807.7
2017-11-15,10118.05,883.7,324.95,1800.25
2017-11-14,10186.6,886.7,329.1,1802.35
2017-11-13,10224.95,875.25,331.05,1813.55
2017-11-10,10321.75,883.85,333.55,1822.0
2017-11-09,10308.95,900.5,313.7,1827.85
2017-11-08,10303.15,887.8,309.55,1825.95
2017-11-07,10350.15,906.7,317.2,1823.7
2017-11-06,10451.8,932.5,329.0,1828.6
2017-11-03,10452.5,945.3,325.0,1830.7
2017-11-02,10423.8,946.6,314.35,1822.1
2017-11-01,10440.5,952.55,319.85,1821.2
2017-10-31,10335.3,940.85,305.8,1808.5
2017-10-30,10363.65,942.5,312.0,1815.0
2017-10-27,10323.05,929.85,311.05,1791.05
2017-10-26,10343.8,947.4,320.5,1795.35
2017-10-25,10295.35,939.9,324.9,1795.1
2017-10-24,10207.7,934.25,254.45,1867.1
2017-10-23,10184.85,939.75,245.95,1863.3
2017-10-19,10146.55,909.9,242.75,1848.4
2017-10-18,10210.85,914.5,243.75,1868.5
2017-10-17,10234.45,874.35,251.15,1851.25
2017-10-16,10230.85,876.8,252.05,1857.15
2017-10-13,10167.45,876.45,252.1,1850.8
2017-10-12,10096.4,872.75,251.2,1818.8
2017-10-11,9984.8,840.15,251.75,1790.15
2017-10-10,10016.95,843.2,256.95,1802.7
2017-10-09,9988.75,830.65,256.85,1795.5
2017-10-06,9979.7,837.05,256.75,1800.1
2017-10-05,9888.7,824.15,251.6,1798.6
2017-10-04,9914.9,818.85,253.2,1797.0
2017-10-03,9859.5,798.35,251.3,1808.85
2017-09-29,9788.6,780.9,253.85,1805.7
2017-09-28,9768.95,786.45,252.55,1795.3
2017-09-27,9735.75,799.15,250.4,1776.5
2017-09-26,9871.5,820.1,258.25,1792.3
2017-09-25,9872.6,821.55,258.75,1799.75
2017-09-22,9964.4,817.4,261.85,1824.1
2017-09-21,10121.9,841.35,268.5,1839.1
2017-09-20,10141.15,847.15,270.05,1848.85
2017-09-19,10147.55,838.6,267.8,1849.7
2017-09-18,10153.1,845.55,270.4,1860.45
2017-09-15,10085.4,841.8,271.5,1848.95
2017-09-14,10086.6,843.85,274.2,1839.4
2017-09-13,10079.3,849.0,273.4,1841.85
2017-09-12,10093.05,823.75,273.45,1835.2
2017-09-11,10006.05,817.9,270.95,1823.35
2017-09-08,9934.8,816.9,271.8,1787.65
2017-09-07,9929.9,818.1,274.2,1766.55
2017-09-06,9916.2,1645.4,274.25,1759.9
2017-09-05,9952.2,1632.6,276.55,1755.35
2017-09-04,9912.85,1613.35,277.75,1750.9
2017-09-01,9974.4,1610.1,277.85,1767.6
2017-08-31,9917.9,1594.5,277.75,1776.45
2017-08-30,9884.4,1564.1,276.6,1768.55
2017-08-29,9796.05,1532.15,277.0,1746.15
2017-08-28,9912.8,1566.55,279.35,1762.25
2017-08-24,9857.05,1568.05,280.3,1762.5
2017-08-23,9852.5,1582.05,279.0,1772.45
2017-08-22,9765.55,1560.05,273.9,1747.0
2017-08-21,9754.35,1564.4,274.65,1743.2
2017-08-18,9837.4,1575.4,278.7,1752.15
2017-08-17,9904.15,1567.1,280.85,1765.4
2017-08-16,9897.3,1566.1,283.1,1781.25
2017-08-14,9794.15,1573.05,278.2,1757.2
2017-08-11,9710.8,1546.25,280.15,1749.05
2017-08-10,9820.25,1584.35,296.7,1760.45
2017-08-09,9908.05,1598.8,302.3,1764.45
2017-08-08,9978.55,1602.55,303.65,1777.9
2017-08-07,10057.4,1616.35,311.2,1788.55
2017-08-04,10066.4,1622.15,305.25,1790.25
2017-08-03,10013.65,1650.1,300.55,1779.95
2017-08-02,10081.5,1629.2,307.7,1791.65
2017-08-01,10114.65,1603.6,309.0,1797.2
2017-07-31,10077.1,1615.2,312.5,1784.4
2017-07-28,10014.5,1594.45,299.1,1778.5
2017-07-27,10020.55,1594.8,298.35,1789.65
2017-07-26,10020.65,1622.75,295.8,1747.55
2017-07-25,9964.55,1602.15,296.1,1739.65
2017-07-24,9966.4,1615.25,294.55,1735.1
2017-07-21,9915.25,1585.0,290.65,1703.05
2017-07-20,9873.3,1528.9,290.95,1710.9
2017-07-19,9899.6,1532.95,293.3,1692.3
2017-07-18,9827.15,1519.9,291.0,1683.55
2017-07-17,9915.95,1551.75,293.0,1682.35
2017-07-14,9886.35,1533.75,291.6,1679.95
2017-07-13,9891.7,1522.1,288.75,1683.55
2017-07-12,9816.1,1511.1,287.65,1681.25
2017-07-11,9786.05,1494.35,283.55,1680.4
2017-07-10,9771.05,1492.85,285.55,1676.35
2017-07-07,9665.8,1491.15,280.1,1667.2
2017-07-06,9674.55,1442.55,281.0,1658.15
2017-07-05,9637.6,1442.65,274.9,1648.75
2017-07-04,9613.3,1421.95,273.0,1653.35
2017-07-03,9615.0,1381.05,274.85,1658.6
2017-06-30,9520.9,1380.0,273.65,1652.05
2017-06-29,9504.1,1392.7,272.45,1663.05
2017-06-28,9491.25,1398.5,276.4,1666.45
2017-06-27,9511.4,1437.15,279.65,1667.65
2017-06-23,9574.95,1435.85,288.95,1678.65
2017-06-22,9630.0,1432.65,294.5,1698.0
2017-06-21,9633.6,1422.0,290.9,1698.7
2017-06-20,9653.5,1412.35,290.1,1686.55
2017-06-19,9657.55,1409.25,288.85,1692.9
2017-06-16,9588.05,1388.8,285.95,1669.25
2017-06-15,9578.05,1383.95,284.0,1664.35
2017-06-14,9618.15,1357.5,284.2,1671.2
2017-06-13,9606.9,1314.35,283.85,1676.7
2017-06-12,9616.4,1319.45,284.95,1668.75
2017-06-09,9668.25,1335.7,288.55,1666.8
2017-06-08,9647.25,1331.7,288.6,1644.75
2017-06-07,9663.9,1339.0,290.55,1640.8
2017-06-06,9637.15,1312.8,287.3,1638.95
2017-06-05,9675.1,1329.35,287.25,1635.55
2017-06-02,9653.5,1324.75,287.05,1634.25
2017-06-01,9616.1,1328.25,287.45,1628.6
2017-05-31,9621.25,1340.7,288.3,1636.2
2017-05-30,9624.55,1359.35,288.85,1629.05
2017-05-29,9604.9,1356.9,284.0,1631.9
2017-05-26,9595.1,1337.3,288.45,1626.0
2017-05-25,9509.75,1302.45,290.1,1617.15
2017-05-24,9360.55,1297.7,283.15,1566.75
2017-05-23,9386.15,1305.55,288.85,1569.1
2017-05-22,9438.25,1324.15,294.3,1576.0
2017-05-19,9427.9,1318.85,308.0,1561.25
2017-05-18,9429.45,1327.35,302.95,1557.1
2017-05-17,9525.75,1353.1,307.65,1557.15
2017-05-16,9512.25,1356.3,307.5,1559.65
2017-05-15,9445.4,1344.1,301.4,1553.4
2017-05-12,9400.9,1350.45,297.9,1551.65
2017-05-11,9422.4,1359.55,298.1,1546.4
2017-05-10,9407.3,1359.1,294.45,1551.8
2017-05-09,9316.85,1330.35,296.5,1535.75
2017-05-08,9314.05,1321.4,299.4,1534.8
2017-05-05,9285.3,1328.25,296.0,1532.2
2017-05-04,9359.9,1357.95,299.05,1534.8
2017-05-03,9311.95,1370.1,289.8,1544.3
2017-05-02,9313.8,1370.55,288.3,1540.6
2017-04-28,9304.05,1395.2,289.75,1546.5
2017-04-27,9342.15,1409.5,282.05,1568.6
2017-04-26,9351.85,1416.45,286.45,1550.65
2017-04-25,9306.6,1432.8,286.05,1537.05
2017-04-24,9217.95,1417.4,286.05,1533.05
2017-04-21,9119.4,1402.5,282.2,1496.6
2017-04-20,9136.4,1369.55,284.8,1462.15
2017-04-19,9103.5,1368.8,284.05,1449.0
2017-04-18,9105.15,1370.2,290.3,1447.3
2017-04-17,9139.3,1391.85,289.9,1436.8
2017-04-13,9150.8,1364.8,291.55,1440.3
2017-04-12,9203.45,1354.0,290.15,1443.7
2017-04-11,9237.0,1372.35,294.5,1439.5
2017-04-10,9181.45,1381.35,289.35,1434.15
2017-04-07,9198.3,1406.6,289.45,1438.85
2017-04-06,9261.95,1438.5,292.85,1438.5
2017-04-05,9265.15,1415.0,297.35,1432.35
2017-04-03,9237.85,1374.65,293.15,1433.2
2017-03-31,9173.75,1320.9,293.4,1442.55
2017-03-30,9173.75,1270.65,291.05,1466.2
2017-03-29,9143.8,1256.65,288.45,1428.6
2017-03-28,9100.8,1245.75,282.1,1420.2
2017-03-27,9045.2,1251.1,279.45,1409.85
2017-03-24,9108.0,1286.75,276.5,1424.35
2017-03-23,9086.3,1273.3,268.5,1430.9
2017-03-22,9030.45,1259.7,267.5,1430.9
2017-03-21,9121.5,1263.8,272.35,1440.95
2017-03-20,9126.85,1280.8,273.9,1436.1
2017-03-17,9160.05,1300.7,274.15,1425.85
2017-03-16,9153.7,1297.65,279.3,1417.35
2017-03-15,9084.8,1304.95,277.35,1416.6
2017-03-14,9087.0,1289.5,274.65,1410.7
2017-03-10,8934.55,1281.65,272.05,1400.1
2017-03-09,8927.0,1286.75,273.25,1394.2
2017-03-08,8924.3,1291.2,269.9,1392.2
2017-03-07,8946.9,1304.95,267.8,1386.2
2017-03-06,8963.45,1305.35,269.85,1380.75
2017-03-03,8897.55,1258.55,265.05,1377.0
2017-03-02,8899.75,1236.75,267.3,1380.1
2017-03-01,8945.8,1234.5,271.75,1391.65
2017-02-28,8879.6,1238.05,269.2,1390.1
2017-02-27,8896.7,1238.9,268.25,1393.6
2017-02-23,8939.5,1182.75,270.45,1394.3
2017-02-22,8926.9,1207.5,272.3,1399.15
2017-02-21,8907.85,1088.2,270.7,1415.55
2017-02-20,8879.2,1075.4,269.65,1409.1
2017-02-17,8821.7,1075.5,269.35,1377.05
2017-02-16,8778.0,1067.5,270.5,1327.9
2017-02-15,8724.7,1051.3,268.95,1322.2
2017-02-14,8792.3,1049.8,270.2,1311.1
2017-02-13,8805.05,1029.85,271.65,1310.2
2017-02-10,8793.55,1030.15,276.35,1303.6
2017-02-09,8778.4,1032.75,275.85,1297.65
2017-02-08,8769.05,1025.15,277.2,1305.65
2017-02-07,8768.3,1030.9,277.9,1307.15
2017-02-06,8801.05,1041.65,277.05,1314.1
2017-02-03,8740.95,1033.65,277.55,1311.05
2017-02-02,8734.25,1043.5,273.3,1298.7
2017-02-01,8716.4,1049.65,270.7,1305.7
2017-01-31,8561.3,1045.2,260.35,1286.65
2017-01-30,8632.75,1044.8,263.95,1284.95
2017-01-27,8641.25,1025.1,266.45,1291.9
2017-01-25,8602.75,1017.3,259.2,1290.6
2017-01-24,8475.8,1027.3,254.9,1267.55
2017-01-23,8391.5,1015.9,254.15,1244.65
2017-01-20,8349.35,1025.8,251.05,1236.35
2017-01-19,8435.1,1033.7,258.4,1236.3
2017-01-18,8417.0,1032.55,258.35,1242.6
2017-01-17,8398.0,1041.25,256.0,1238.5
2017-01-16,8412.8,1076.25,255.75,1247.65
2017-01-13,8400.35,1090.4,250.9,1232.5
2017-01-12,8407.2,1083.3,251.25,1235.0
2017-01-11,8380.65,1086.05,252.15,1234.0
2017-01-10,8288.6,1089.85,248.3,1214.35
2017-01-09,8236.05,1077.7,247.05,1195.2
2017-01-06,8243.8,1074.95,245.9,1193.65
2017-01-05,8273.8,1077.4,245.35,1186.2
2017-01-04,8190.5,1067.15,242.9,1185.5
